{
    "loc_x": 0,
    "loc_y": 0,
    "loc_z": 0,
    "model_path": "D:/rust/CRust/QtWidgetsApplication1/QtWidgetsApplication1/resources/models/pottery/pottery4_modified.obj",
    "rot_x": -87,
    "rot_y": -1,
    "rot_z": 89,
    "scl_x": 0.009999999776482582,
    "scl_y": 0.009999999776482582,
    "scl_z": 0.009999999776482582
}
