{
    "loc_x": 0,
    "loc_y": 0,
    "loc_z": 0,
    "model_path": "D:/rust/CRust/QtWidgetsApplication1/QtWidgetsApplication1/resources/models/beast/beast.obj",
    "rot_x": -90,
    "rot_y": 0,
    "rot_z": 0,
    "scl_x": 0.009999999776482582,
    "scl_y": 0.009999999776482582,
    "scl_z": 0.009999999776482582
}
