{
    "loc_x": 0,
    "loc_y": -1,
    "loc_z": 0,
    "model_path": "D:/rust/CRust/QtWidgetsApplication1/QtWidgetsApplication1/resources/models/angel/angel.obj",
    "rot_x": -72,
    "rot_y": -90,
    "rot_z": -90,
    "scl_x": 0.009999999776482582,
    "scl_y": 0.009999999776482582,
    "scl_z": 0.009999999776482582
}
